{
  "auroc_cv_mean": 0.8537990196078432,
  "auroc_cv_std": 0.16664846353881038,
  "precision_at_top10pct": 0.9,
  "recall_at_top10pct": 0.5294117647058824,
  "brier": 0.09656265950111054,
  "n_wells": 100,
  "n_positives": 17,
  "calibrated": true
}